{
  "ruleChain": {
    "additionalInfo": {
      "description": ""
    },
    "name": "ruleChain_testRules",
    "type": "CORE",
    "firstRuleNodeId": null,
    "root": false,
    "debugMode": false,
    "configuration": null
  },
  "metadata": {
    "firstNodeIndex": 4,
    "nodes": [
      {
        "additionalInfo": {
          "description": "",
          "layoutX": 607,
          "layoutY": 287
        },
        "type": "org.thingsboard.rule.engine.transform.TbTransformMsgNode",
        "name": "scrp_toMQTT",
        "debugMode": false,
        "configuration": {
          "jsScript": "var newMsg = []\n    newMsg = \"Temp=\" + msg.temperature + \", Hudmid=\" + msg.humidity\nreturn {msg: newMsg, metadata: metadata, msgType: msgType};"
        }
      },
      {
        "additionalInfo": {
          "description": "",
          "layoutX": 899,
          "layoutY": 333
        },
        "type": "org.thingsboard.rule.engine.rest.TbRestApiCallNode",
        "name": "test_LINE_API",
        "debugMode": false,
        "configuration": {
          "restEndpointUrlPattern": "https://notify-api.line.me/api/notify?message=${LN_message}&stickerPackageId=${LN_stickerPack}&stickerId=${LN_stickerID}",
          "requestMethod": "POST",
          "useSimpleClientHttpFactory": false,
          "enableProxy": false,
          "useSystemProxyProperties": false,
          "proxyScheme": null,
          "proxyHost": null,
          "proxyPort": 0,
          "proxyUser": null,
          "proxyPassword": null,
          "readTimeoutMs": 0,
          "maxParallelRequestsCount": 0,
          "headers": {
            "Content-Type": "application/x-www-form-urlencoded",
            "Authorization": "Bearer xziSiD2pEFshJr8699kikWnV2R3THft9jYV9zWTJKaU"
          },
          "useRedisQueueForMsgPersistence": false,
          "trimQueue": false,
          "maxQueueSize": 0,
          "credentials": {
            "type": "anonymous"
          }
        }
      },
      {
        "additionalInfo": {
          "description": "",
          "layoutX": 610,
          "layoutY": 335
        },
        "type": "org.thingsboard.rule.engine.transform.TbTransformMsgNode",
        "name": "scrp_toLINE",
        "debugMode": false,
        "configuration": {
          "jsScript": "var newMsg = \"Overheat, Tempperature = \" + msg.temperature +\"'C\";\nvar newmetadata = { \n        LN_message: newMsg,\n        LN_stickerPack : 1,\n        LN_stickerID : 106\n    };\nvar msgType = \"Debug Mode\";\nreturn {msg: newMsg, metadata: newmetadata, msgType: msgType};"
        }
      },
      {
        "additionalInfo": {
          "description": "",
          "layoutX": 901,
          "layoutY": 284
        },
        "type": "org.thingsboard.rule.engine.mqtt.TbMqttNode",
        "name": "test_echoMQTT",
        "debugMode": false,
        "configuration": {
          "topicPattern": "monitorTB",
          "host": "test.mosquitto.org",
          "port": 1883,
          "connectTimeoutSec": 10,
          "clientId": null,
          "cleanSession": false,
          "ssl": false,
          "credentials": {
            "type": "anonymous"
          }
        }
      },
      {
        "additionalInfo": {
          "description": "",
          "layoutX": 275,
          "layoutY": 151
        },
        "type": "org.thingsboard.rule.engine.filter.TbMsgTypeSwitchNode",
        "name": "msgSw_testRules",
        "debugMode": false,
        "configuration": {
          "version": 0
        }
      },
      {
        "additionalInfo": {
          "description": "",
          "layoutX": 611,
          "layoutY": 150
        },
        "type": "org.thingsboard.rule.engine.filter.TbJsFilterNode",
        "name": "scrp_testRules",
        "debugMode": false,
        "configuration": {
          "jsScript": "return typeof msg.temperature === 'undefined' \r\n    || (msg.temperature >= -40 && msg.temperature <= 80);\r\n"
        }
      },
      {
        "additionalInfo": {
          "description": "",
          "layoutX": 905,
          "layoutY": 149
        },
        "type": "org.thingsboard.rule.engine.telemetry.TbMsgTimeseriesNode",
        "name": "saveTS_testRules",
        "debugMode": false,
        "configuration": {
          "defaultTTL": 0
        }
      }
    ],
    "connections": [
      {
        "fromIndex": 0,
        "toIndex": 3,
        "type": "Success"
      },
      {
        "fromIndex": 2,
        "toIndex": 1,
        "type": "Success"
      },
      {
        "fromIndex": 4,
        "toIndex": 5,
        "type": "Post telemetry"
      },
      {
        "fromIndex": 5,
        "toIndex": 6,
        "type": "True"
      },
      {
        "fromIndex": 5,
        "toIndex": 0,
        "type": "True"
      },
      {
        "fromIndex": 5,
        "toIndex": 2,
        "type": "True"
      }
    ],
    "ruleChainConnections": null
  }
}